Layout,Spacing,Skewness
Grid,1,0.158524987000069
Grid,1.5,0.259963536475394
Grid,2,0.334182522315662
Grid,2.5,0.773380765997338
Circle,1,0.157455196695731
Circle,1.5,0.351820724967447
Circle,2,0.575660997822388
Circle,2.5,1.30396779066754
Line,1,0.342555749298685
Line,1.5,0.520627086387554
Line,2,0.72902271045282
Line,2.5,2.22047747180865
Axis,1,0.281115760977213
Axis,1.5,0.297149914787414
Axis,2,0.557553848955139
Axis,2.5,1.32871510800177
